<?xml version="1.0" encoding="UTF-8"?><?xml-stylesheet type='text/xsl' href='_UpgradeReport_Files/UpgradeReport.xslt'?><UpgradeLog>
<Properties><Property Name="Solution" Value="Pe-Loader-Sample">
</Property><Property Name="解决方案文件" Value="D:\360安全浏览器下载\Pe-Loader-Sample-master\Pe-Loader-Sample.sln">
</Property><Property Name="Date" Value="2017年3月29日">
</Property><Property Name="Time" Value="23:01:25">
</Property></Properties><Event ErrorLevel="0" Project="Pe-Loader-Sample" Source="Pe-Loader-Sample.vcproj" Description="Converting project file 'D:\360安全浏览器下载\Pe-Loader-Sample-master\Pe-Loader-Sample.vcproj'.">
</Event><Event ErrorLevel="1" Project="Pe-Loader-Sample" Source="Pe-Loader-Sample.vcproj" Description="VCWebServiceProxyGeneratorTool is no longer supported. The tool has been removed from your project settings.">
</Event><Event ErrorLevel="0" Project="Pe-Loader-Sample" Source="Pe-Loader-Sample.vcproj" Description="Done converting to new project file 'D:\360安全浏览器下载\Pe-Loader-Sample-master\Pe-Loader-Sample.vcxproj'.">
</Event><Event ErrorLevel="3" Project="Pe-Loader-Sample" Source="Pe-Loader-Sample.vcproj" Description="Converted">
</Event></UpgradeLog>